multiplex	node	score
1	BRCA1	0.025604431919887517
1	LMNA	0.025249399703483902
1	ZMPSTE24	0.024967311684943
1	ATM	0.024677305263918124
1	WRN	0.024626242048465773
1	EMD	0.024579093992952432
1	SPATA48	0.024531396483390495
1	COL1A1	0.024517243520288088
1	ATRIP	0.024187153867210036
1	HLTF	0.023977920016128227
1	RAD9B	0.00046298252715584216
1	EGFR	0.0
1	SRC	0.0
