Cluster,Hypergeometric test p-value,Corrected p-value
1.0,4.173501273006769e-06,8.347002546013539e-06
2.0,3.677060277368594e-11,1.1031180832105783e-10
3.0,2.3433162558677744e-11,1.1031180832105783e-10
4.0,9.13168171930295e-06,1.3697522578954425e-05
5.0,0.01243949880476725,0.0149273985657207
6.0,0.5540479878941383,0.5540479878941383
