Cluster,Hypergeometric test p-value,Corrected p-value
1.0,3.1111878779623328e-15,1.8667127267773998e-14
2.0,1.0374559680995528e-11,2.786891320113638e-11
3.0,1.393445660056819e-11,2.786891320113638e-11
4.0,2.1376272350162513e-05,3.2064408525243775e-05
5.0,0.0021606634647899827,0.0025927961577479793
6.0,0.6013089711098505,0.6013089711098505
