Cluster	Fisher p-value	Hypergeometric p-value
cluster_1	3.771688673858428e-06	4.173501273006769e-06
cluster_2	3.3531206686077834e-11	3.677060277368594e-11
cluster_3	1.902556043147225e-11	2.3433162558677744e-11
cluster_4	8.705738909242998e-06	9.13168171930295e-06
cluster_5	0.010918267693149016	0.01243949880476725
cluster_6	0.5509903539580581	0.5540479878941383
0.0	0.0	0.0
