Cluster,GenAge,Blood up-reg. genes,Blood down-reg. genes,Skin up-reg. genes,Skin down-reg. genes,Brain up-reg. genes,Brain down-reg. genes,Muscle up-reg. genes,Muscle down-reg. genes,Breast up-reg. genes,Breast down-reg. genes
cluster_1,4.590851400307446e-05,1.0,1.0,1.0,1.0,1.0,0.8041809833075456,0.8041809833075456,0.8041809833075456,1.0,0.6720746744479478
cluster_2,4.0447663051054535e-10,0.09273005291521694,0.7154531862118118,0.9450315547979895,0.9645649563390314,0.5362046492681324,0.10378391241248172,0.0018910503775127047,0.24709920098103436,0.9450315547979895,0.007092114135465573
cluster_3,2.5776478814545516e-10,0.8681964764178877,0.8681964764178877,0.7275791317827587,0.8681964764178877,0.1441806798512272,0.8681964764178877,0.012565331298502012,0.628026089662938,0.8681964764178877,0.012565331298502012
cluster_4,5.022424945616622e-05,0.6440166131129315,0.8294029424511569,0.6440166131129315,0.6440166131129315,1.2732657090405119e-05,0.8294029424511569,0.6440166131129315,0.8294029424511569,0.6440166131129315,0.517349569712041
cluster_5,0.045611495617479916,0.3259506157187276,0.8972670279098742,0.008085716969656235,0.8638114819250682,4.415596622268411e-06,0.3259506157187276,0.7520513718021514,0.7520513718021514,0.8536258797189112,0.3259506157187276
cluster_6,0.6771697629817246,1.0,0.37216983885810073,0.32130340546375113,0.3567726984892113,0.32130340546375113,0.06750305084767087,0.32130340546375113,0.32130340546375113,0.929336296466698,0.5104580490711479
