multiplex	node	score
1	BRCA1	0.023277437780703
1	LMNA	0.022954312860171123
1	SPATA48	0.02287111957922426
1	ZMPSTE24	0.022700432481032512
1	ATM	0.022434156797860646
1	HLTF	0.02240950839054837
1	RAD9B	0.02240950839054837
1	WRN	0.0223877250814617
1	EMD	0.02234467201304438
1	COL1A1	0.022288451558709205
1	ATRIP	0.02204578209494533
1	EGFR	0.0
1	SRC	0.0
